$$Product2.StockKeepingUnit$ProductSellingModel.Name$ProductSellingModel.SellingModelType,IsDefault,Product2.StockKeepingUnit,ProductSellingModel.$$Name$SellingModelType,ProrationPolicy.Name
KLD-PATH-NEB-R1;One-Time;OneTime,true,KLD-PATH-NEB-R1,One-Time;OneTime,
KLD-SETUP-MATTER-GB;One-Time;OneTime,true,KLD-SETUP-MATTER-GB,One-Time;OneTime,
KLD-STAGING;One-Time;OneTime,true,KLD-STAGING,One-Time;OneTime,
KLD-NEB-ECA-HOST;Evergreen Monthly;Evergreen,true,KLD-NEB-ECA-HOST,Evergreen Monthly;Evergreen,Default Proration Policy
KLD-NEB-ECA-HOST;Term Monthly;TermDefined,false,KLD-NEB-ECA-HOST,Term Monthly;TermDefined,Default Proration Policy
KLD-R1-REVIEW;Evergreen Monthly;Evergreen,true,KLD-R1-REVIEW,Evergreen Monthly;Evergreen,Default Proration Policy
KLD-R1-REVIEW;Term Monthly;TermDefined,false,KLD-R1-REVIEW,Term Monthly;TermDefined,Default Proration Policy
KLD-R1-COLD;Evergreen Monthly;Evergreen,true,KLD-R1-COLD,Evergreen Monthly;Evergreen,Default Proration Policy
KLD-R1-COLD;Term Monthly;TermDefined,false,KLD-R1-COLD,Term Monthly;TermDefined,Default Proration Policy
KLD-FOR-COLL;One-Time;OneTime,true,KLD-FOR-COLL,One-Time;OneTime,
KLD-FOR-RCOLL;One-Time;OneTime,true,KLD-FOR-RCOLL,One-Time;OneTime,
KLD-FOR-DOWNTIME;One-Time;OneTime,true,KLD-FOR-DOWNTIME,One-Time;OneTime,
KLD-RMDC-HR;One-Time;OneTime,true,KLD-RMDC-HR,One-Time;OneTime,
KLD-RMDC-FLAT;One-Time;OneTime,true,KLD-RMDC-FLAT,One-Time;OneTime,
KLD-RCMGR-PC;One-Time;OneTime,true,KLD-RCMGR-PC,One-Time;OneTime,
KLD-RCMGR-SRV;One-Time;OneTime,true,KLD-RCMGR-SRV,One-Time;OneTime,
KLD-RCMGR-DECRYPT;One-Time;OneTime,true,KLD-RCMGR-DECRYPT,One-Time;OneTime,
KLD-FOR-ANALYSIS;One-Time;OneTime,true,KLD-FOR-ANALYSIS,One-Time;OneTime,
KLD-TRAVEL-TIME;One-Time;OneTime,true,KLD-TRAVEL-TIME,One-Time;OneTime,
KLD-TRAVEL-EXP;One-Time;OneTime,true,KLD-TRAVEL-EXP,One-Time;OneTime,
KLD-AI-ECI-CORE;One-Time;OneTime,true,KLD-AI-ECI-CORE,One-Time;OneTime,
KLD-AI-ECI-ELEMENTS;One-Time;OneTime,true,KLD-AI-ECI-ELEMENTS,One-Time;OneTime,
KLD-AI-CASEBOT;Evergreen - Quarterly;Evergreen,true,KLD-AI-CASEBOT,Evergreen - Quarterly;Evergreen,Default Proration Policy
KLD-AI-RELEVANCE;One-Time;OneTime,true,KLD-AI-RELEVANCE,One-Time;OneTime,
KLD-AI-PRIVILEGE;One-Time;OneTime,true,KLD-AI-PRIVILEGE,One-Time;OneTime,
KLD-AI-PII-DETECT;One-Time;OneTime,true,KLD-AI-PII-DETECT,One-Time;OneTime,
KLD-AI-PII-EXTRACT;One-Time;OneTime,true,KLD-AI-PII-EXTRACT,One-Time;OneTime,
KLD-AI-PII-REDACT;One-Time;OneTime,true,KLD-AI-PII-REDACT,One-Time;OneTime,
KLD-EXT-AIR-REVIEW;One-Time;OneTime,true,KLD-EXT-AIR-REVIEW,One-Time;OneTime,
KLD-EXT-AIR-PRIV;One-Time;OneTime,true,KLD-EXT-AIR-PRIV,One-Time;OneTime,
KLD-EXT-XLAT;One-Time;OneTime,true,KLD-EXT-XLAT,One-Time;OneTime,
KLD-EXT-CONTRACTS;One-Time;OneTime,true,KLD-EXT-CONTRACTS,One-Time;OneTime,
KLD-EXT-PI-DETECT;One-Time;OneTime,true,KLD-EXT-PI-DETECT,One-Time;OneTime,
KLD-EXT-BREACH;One-Time;OneTime,true,KLD-EXT-BREACH,One-Time;OneTime,
KLD-EXT-CASE-STRAT;One-Time;OneTime,true,KLD-EXT-CASE-STRAT,One-Time;OneTime,
KLD-PS-PM;One-Time;OneTime,true,KLD-PS-PM,One-Time;OneTime,
KLD-PS-TECH;One-Time;OneTime,true,KLD-PS-TECH,One-Time;OneTime,
KLD-PS-AA-CONSULT;One-Time;OneTime,true,KLD-PS-AA-CONSULT,One-Time;OneTime,
KLD-PS-CONSULT;One-Time;OneTime,true,KLD-PS-CONSULT,One-Time;OneTime,
KLD-PS-EXPERT;One-Time;OneTime,true,KLD-PS-EXPERT,One-Time;OneTime,
KLD-MED-HDD;One-Time;OneTime,true,KLD-MED-HDD,One-Time;OneTime,
KLD-MED-FREIGHT;One-Time;OneTime,true,KLD-MED-FREIGHT,One-Time;OneTime,
