Name,ExpressionSetId,ExpressionSet.ApiName,ReferenceObjectId,ConstraintModelTag,ConstraintModelTagType
ECO-KLD-000001,,KLDPathway,01tKLD000000002AAA,KLD_PATH_NEB_R1,Type
ECO-KLD-000002,,KLDPathway,01tKLD000000010AAA,Staging,Type
ECO-KLD-000003,,KLDPathway,01tKLD000000011AAA,Nebula_ECA_Hosting,Type
ECO-KLD-000004,,KLDPathway,01tKLD000000014AAA,RelOne_Review,Type
ECO-KLD-000005,,KLDPathway,01tKLD000000020AAA,Project_Management,Type
ECO-KLD-000006,,KLDPathway,01tKLD000000021AAA,Technical_Support,Type
ECO-KLD-000007,,KLDPathway,0dSKLD000000201AAA,staging_nebr1,Port
ECO-KLD-000008,,KLDPathway,0dSKLD000000202AAA,eca_nebr1,Port
ECO-KLD-000009,,KLDPathway,0dSKLD000000203AAA,review_nebr1,Port
ECO-KLD-000010,,KLDPathway,0dSKLD000000204AAA,pm_nebr1,Port
ECO-KLD-000011,,KLDPathway,0dSKLD000000205AAA,tech_nebr1,Port
