BasedOn.Code,CanRamp,ConfigureDuringSale,Description,DisplayUrl,Family,IsActive,IsAssetizable,IsSoldOnlyWithOtherProds,Name,ProductCode,QuantityUnitOfMeasure,SpecificationType,StockKeepingUnit,Type,UnitOfMeasure.UnitCode
,false,Allowed,BambooHR Core — $10 PEPM.,,Software,true,true,false,BambooHR Core,BAMBOO-CORE,,Commercial,BAMBOO-CORE,,
,false,Allowed,BambooHR Core small-business flat — $250/mo for ≤25 employees (qty 1; not PEPM).,,Software,true,true,false,BambooHR Core Small Business Flat,BAMBOO-CORE-FLAT-SM,,Commercial,BAMBOO-CORE-FLAT-SM,,
,false,Allowed,BambooHR Pro — $17 PEPM (everything in Core + more).,,Software,true,true,false,BambooHR Pro,BAMBOO-PRO,,Commercial,BAMBOO-PRO,,
,false,Allowed,BambooHR Elite — $25 PEPM (everything in Pro + more).,,Software,true,true,false,BambooHR Elite,BAMBOO-ELITE,,Commercial,BAMBOO-ELITE,,
,false,Allowed,BambooHR Payroll add-on (US employees only). Demo PEPM placeholder $8.,,Software,true,true,false,BambooHR Payroll,BAMBOO-ADD-PAYROLL,,Commercial,BAMBOO-ADD-PAYROLL,,
,false,Allowed,BambooHR Benefits Administration add-on (US employees only). Demo PEPM placeholder $6.,,Software,true,true,false,BambooHR Benefits Administration,BAMBOO-ADD-BENEFITS,,Commercial,BAMBOO-ADD-BENEFITS,,
,false,Allowed,BambooHR Time & Attendance add-on. Demo PEPM placeholder $4.,,Software,true,true,false,BambooHR Time & Attendance,BAMBOO-ADD-TIME,,Commercial,BAMBOO-ADD-TIME,,
,false,Allowed,BambooHR Global Employment add-on. Demo PEPM placeholder $12.,,Software,true,true,false,BambooHR Global Employment,BAMBOO-ADD-GLOBAL,,Commercial,BAMBOO-ADD-GLOBAL,,
,false,Allowed,Workforce package: choose Core/Pro/Elite + Payroll + Benefits (15% Bundle & Save on add-ons).,,Software,true,true,false,BambooHR Workforce Package,BAMBOO-PKG-WORKFORCE,,Commercial,BAMBOO-PKG-WORKFORCE,Bundle,
